commodity_code,target_market,pre_pivot_tariff_pct,post_pivot_tariff_pct,effective_date
2709,United States,0.0,0.0,2025-03-07
2709,Austria,0.0,0.0,2017-09-21
2709,Belgium,0.0,0.0,2017-09-21
2709,Bulgaria,0.0,0.0,2017-09-21
2709,Croatia,0.0,0.0,2017-09-21
2709,Cyprus,0.0,0.0,2017-09-21
2709,Czechia,0.0,0.0,2017-09-21
2709,Denmark,0.0,0.0,2017-09-21
2709,Estonia,0.0,0.0,2017-09-21
2709,Finland,0.0,0.0,2017-09-21
2709,France,0.0,0.0,2017-09-21
2709,Germany,0.0,0.0,2017-09-21
2709,Greece,0.0,0.0,2017-09-21
2709,Hungary,0.0,0.0,2017-09-21
2709,Ireland,0.0,0.0,2017-09-21
2709,Italy,0.0,0.0,2017-09-21
2709,Latvia,0.0,0.0,2017-09-21
2709,Lithuania,0.0,0.0,2017-09-21
2709,Luxembourg,0.0,0.0,2017-09-21
2709,Malta,0.0,0.0,2017-09-21
2709,Netherlands,0.0,0.0,2017-09-21
2709,Poland,0.0,0.0,2017-09-21
2709,Portugal,0.0,0.0,2017-09-21
2709,Romania,0.0,0.0,2017-09-21
2709,Slovakia,0.0,0.0,2017-09-21
2709,Slovenia,0.0,0.0,2017-09-21
2709,Spain,0.0,0.0,2017-09-21
2709,Sweden,0.0,0.0,2017-09-21
2709,Iceland,0.0,0.0,2017-09-21
2709,Norway,0.0,0.0,2017-09-21
2709,Switzerland,0.0,0.0,2017-09-21
2709,Ukraine,0.0,0.0,2017-09-21
2709,United Kingdom,0.0,0.0,2021-01-01
2709,Japan,0.0,0.0,2018-12-30
2709,Australia,0.0,0.0,2018-12-30
2709,New Zealand,0.0,0.0,2018-12-30
2709,Singapore,0.0,0.0,2018-12-30
2709,Vietnam,0.0,0.0,2019-01-14
2709,Malaysia,0.0,0.0,2022-11-29
2709,Brunei,0.0,0.0,2018-12-30
2709,Chile,0.0,0.0,2018-12-30
2709,Peru,0.0,0.0,2021-09-19
2709,China,0.0,0.0,2025-01-01
2709,India,0.0,5.0,2025-03-04
2709,Indonesia,0.0,0.0,2025-01-01
2709,South Korea,0.0,0.0,2015-01-01
2709,Taiwan,0.0,0.0,2025-01-01
2709,Hong Kong,0.0,0.0,2025-01-01
2709,Argentina,0.0,0.0,2025-01-01
2709,Brazil,0.0,0.0,2025-01-01
2709,Colombia,0.0,0.0,2025-01-01
2709,Ecuador,0.0,0.0,2025-01-01
2709,Bolivia,0.0,0.0,2025-01-01
2709,Paraguay,0.0,0.0,2025-01-01
2709,Uruguay,0.0,0.0,2025-01-01
2709,Venezuela,0.0,0.0,2025-01-01
7108,United States,0.0,0.0,2025-03-07
7108,Austria,0.0,0.0,2017-09-21
7108,Belgium,0.0,0.0,2017-09-21
7108,Bulgaria,0.0,0.0,2017-09-21
7108,Croatia,0.0,0.0,2017-09-21
7108,Cyprus,0.0,0.0,2017-09-21
7108,Czechia,0.0,0.0,2017-09-21
7108,Denmark,0.0,0.0,2017-09-21
7108,Estonia,0.0,0.0,2017-09-21
7108,Finland,0.0,0.0,2017-09-21
7108,France,0.0,0.0,2017-09-21
7108,Germany,0.0,0.0,2017-09-21
7108,Greece,0.0,0.0,2017-09-21
7108,Hungary,0.0,0.0,2017-09-21
7108,Ireland,0.0,0.0,2017-09-21
7108,Italy,0.0,0.0,2017-09-21
7108,Latvia,0.0,0.0,2017-09-21
7108,Lithuania,0.0,0.0,2017-09-21
7108,Luxembourg,0.0,0.0,2017-09-21
7108,Malta,0.0,0.0,2017-09-21
7108,Netherlands,0.0,0.0,2017-09-21
7108,Poland,0.0,0.0,2017-09-21
7108,Portugal,0.0,0.0,2017-09-21
7108,Romania,0.0,0.0,2017-09-21
7108,Slovakia,0.0,0.0,2017-09-21
7108,Slovenia,0.0,0.0,2017-09-21
7108,Spain,0.0,0.0,2017-09-21
7108,Sweden,0.0,0.0,2017-09-21
7108,Iceland,0.0,0.0,2017-09-21
7108,Norway,0.0,0.0,2017-09-21
7108,Switzerland,0.0,0.0,2017-09-21
7108,Ukraine,0.0,0.0,2017-09-21
7108,United Kingdom,0.0,0.0,2021-01-01
7108,Japan,0.0,0.0,2018-12-30
7108,Australia,0.0,0.0,2018-12-30
7108,New Zealand,0.0,0.0,2018-12-30
7108,Singapore,0.0,0.0,2018-12-30
7108,Vietnam,0.0,0.0,2019-01-14
7108,Malaysia,0.0,0.0,2022-11-29
7108,Brunei,0.0,0.0,2018-12-30
7108,Chile,0.0,0.0,2018-12-30
7108,Peru,0.0,0.0,2021-09-19
7108,China,0.0,0.0,2025-01-01
7108,India,0.0,12.5,2025-01-01
7108,Indonesia,0.0,0.0,2025-01-01
7108,South Korea,0.0,0.0,2015-01-01
7108,Taiwan,0.0,0.0,2025-01-01
7108,Hong Kong,0.0,0.0,2025-01-01
7108,Argentina,0.0,0.0,2025-01-01
7108,Brazil,0.0,0.0,2025-01-01
7108,Colombia,0.0,0.0,2025-01-01
7108,Ecuador,0.0,0.0,2025-01-01
7108,Bolivia,0.0,0.0,2025-01-01
7108,Paraguay,0.0,0.0,2025-01-01
7108,Uruguay,0.0,0.0,2025-01-01
7108,Venezuela,0.0,0.0,2025-01-01
2601,United States,0.0,0.0,2025-03-07
2601,Austria,0.0,0.0,2017-09-21
2601,Belgium,0.0,0.0,2017-09-21
2601,Bulgaria,0.0,0.0,2017-09-21
2601,Croatia,0.0,0.0,2017-09-21
2601,Cyprus,0.0,0.0,2017-09-21
2601,Czechia,0.0,0.0,2017-09-21
2601,Denmark,0.0,0.0,2017-09-21
2601,Estonia,0.0,0.0,2017-09-21
2601,Finland,0.0,0.0,2017-09-21
2601,France,0.0,0.0,2017-09-21
2601,Germany,0.0,0.0,2017-09-21
2601,Greece,0.0,0.0,2017-09-21
2601,Hungary,0.0,0.0,2017-09-21
2601,Ireland,0.0,0.0,2017-09-21
2601,Italy,0.0,0.0,2017-09-21
2601,Latvia,0.0,0.0,2017-09-21
2601,Lithuania,0.0,0.0,2017-09-21
2601,Luxembourg,0.0,0.0,2017-09-21
2601,Malta,0.0,0.0,2017-09-21
2601,Netherlands,0.0,0.0,2017-09-21
2601,Poland,0.0,0.0,2017-09-21
2601,Portugal,0.0,0.0,2017-09-21
2601,Romania,0.0,0.0,2017-09-21
2601,Slovakia,0.0,0.0,2017-09-21
2601,Slovenia,0.0,0.0,2017-09-21
2601,Spain,0.0,0.0,2017-09-21
2601,Sweden,0.0,0.0,2017-09-21
2601,Iceland,0.0,0.0,2017-09-21
2601,Norway,0.0,0.0,2017-09-21
2601,Switzerland,0.0,0.0,2017-09-21
2601,Ukraine,0.0,0.0,2017-09-21
2601,United Kingdom,0.0,0.0,2021-01-01
2601,Japan,0.0,0.0,2018-12-30
2601,Australia,0.0,0.0,2018-12-30
2601,New Zealand,0.0,0.0,2018-12-30
2601,Singapore,0.0,0.0,2018-12-30
2601,Vietnam,0.0,0.0,2019-01-14
2601,Malaysia,0.0,0.0,2022-11-29
2601,Brunei,0.0,0.0,2018-12-30
2601,Chile,0.0,0.0,2018-12-30
2601,Peru,0.0,0.0,2021-09-19
2601,China,0.0,0.0,2025-01-01
2601,India,2.5,2.5,2025-01-01
2601,Indonesia,0.0,0.0,2025-01-01
2601,South Korea,0.0,0.0,2015-01-01
2601,Taiwan,0.0,0.0,2025-01-01
2601,Hong Kong,0.0,0.0,2025-01-01
2601,Argentina,0.0,0.0,2025-01-01
2601,Brazil,0.0,0.0,2025-01-01
2601,Colombia,0.0,0.0,2025-01-01
2601,Ecuador,0.0,0.0,2025-01-01
2601,Bolivia,0.0,0.0,2025-01-01
2601,Paraguay,0.0,0.0,2025-01-01
2601,Uruguay,0.0,0.0,2025-01-01
2601,Venezuela,0.0,0.0,2025-01-01
8703,United States,0.0,25.0,2025-03-04
8703,Austria,6.5,0.0,2017-09-21
8703,Belgium,6.5,0.0,2017-09-21
8703,Bulgaria,6.5,0.0,2017-09-21
8703,Croatia,6.5,0.0,2017-09-21
8703,Cyprus,6.5,0.0,2017-09-21
8703,Czechia,6.5,0.0,2017-09-21
8703,Denmark,6.5,0.0,2017-09-21
8703,Estonia,6.5,0.0,2017-09-21
8703,Finland,6.5,0.0,2017-09-21
8703,France,6.5,0.0,2017-09-21
8703,Germany,6.5,0.0,2017-09-21
8703,Greece,6.5,0.0,2017-09-21
8703,Hungary,6.5,0.0,2017-09-21
8703,Ireland,6.5,0.0,2017-09-21
8703,Italy,6.5,0.0,2017-09-21
8703,Latvia,6.5,0.0,2017-09-21
8703,Lithuania,6.5,0.0,2017-09-21
8703,Luxembourg,6.5,0.0,2017-09-21
8703,Malta,6.5,0.0,2017-09-21
8703,Netherlands,6.5,0.0,2017-09-21
8703,Poland,6.5,0.0,2017-09-21
8703,Portugal,6.5,0.0,2017-09-21
8703,Romania,6.5,0.0,2017-09-21
8703,Slovakia,6.5,0.0,2017-09-21
8703,Slovenia,6.5,0.0,2017-09-21
8703,Spain,6.5,0.0,2017-09-21
8703,Sweden,6.5,0.0,2017-09-21
8703,Iceland,6.5,0.0,2017-09-21
8703,Norway,0.0,0.0,2017-09-21
8703,Switzerland,0.0,0.0,2017-09-21
8703,Ukraine,10.0,10.0,2025-01-01
8703,United Kingdom,6.5,0.0,2021-01-01
8703,Japan,0.0,0.0,2018-12-30
8703,Australia,5.0,0.0,2018-12-30
8703,New Zealand,0.0,0.0,2018-12-30
8703,Singapore,0.0,0.0,2018-12-30
8703,Vietnam,70.0,40.0,2019-01-14
8703,Malaysia,30.0,0.0,2022-11-29
8703,Brunei,0.0,0.0,2018-12-30
8703,Chile,6.0,0.0,2018-12-30
8703,Peru,6.0,0.0,2021-09-19
8703,China,15.0,15.0,2025-01-01
8703,India,60.0,60.0,2025-01-01
8703,Indonesia,50.0,50.0,2025-01-01
8703,South Korea,8.0,0.0,2015-01-01
8703,Taiwan,17.5,17.5,2025-01-01
8703,Hong Kong,0.0,0.0,2025-01-01
8703,Argentina,35.0,35.0,2025-01-01
8703,Brazil,35.0,35.0,2025-01-01
8703,Colombia,35.0,35.0,2025-01-01
8703,Ecuador,35.0,35.0,2025-01-01
8703,Bolivia,20.0,20.0,2025-01-01
8703,Paraguay,20.0,20.0,2025-01-01
8703,Uruguay,23.0,23.0,2025-01-01
8703,Venezuela,40.0,40.0,2025-01-01
7601,United States,0.0,50.0,2025-03-04
7601,Austria,3.0,0.0,2017-09-21
7601,Belgium,3.0,0.0,2017-09-21
7601,Bulgaria,3.0,0.0,2017-09-21
7601,Croatia,3.0,0.0,2017-09-21
7601,Cyprus,3.0,0.0,2017-09-21
7601,Czechia,3.0,0.0,2017-09-21
7601,Denmark,3.0,0.0,2017-09-21
7601,Estonia,3.0,0.0,2017-09-21
7601,Finland,3.0,0.0,2017-09-21
7601,France,3.0,0.0,2017-09-21
7601,Germany,3.0,0.0,2017-09-21
7601,Greece,3.0,0.0,2017-09-21
7601,Hungary,3.0,0.0,2017-09-21
7601,Ireland,3.0,0.0,2017-09-21
7601,Italy,3.0,0.0,2017-09-21
7601,Latvia,3.0,0.0,2017-09-21
7601,Lithuania,3.0,0.0,2017-09-21
7601,Luxembourg,3.0,0.0,2017-09-21
7601,Malta,3.0,0.0,2017-09-21
7601,Netherlands,3.0,0.0,2017-09-21
7601,Poland,3.0,0.0,2017-09-21
7601,Portugal,3.0,0.0,2017-09-21
7601,Romania,3.0,0.0,2017-09-21
7601,Slovakia,3.0,0.0,2017-09-21
7601,Slovenia,3.0,0.0,2017-09-21
7601,Spain,3.0,0.0,2017-09-21
7601,Sweden,3.0,0.0,2017-09-21
7601,Iceland,3.0,0.0,2017-09-21
7601,Norway,0.0,0.0,2017-09-21
7601,Switzerland,0.0,0.0,2017-09-21
7601,Ukraine,5.0,5.0,2025-01-01
7601,United Kingdom,3.0,0.0,2021-01-01
7601,Japan,0.0,0.0,2018-12-30
7601,Australia,5.0,0.0,2018-12-30
7601,New Zealand,0.0,0.0,2018-12-30
7601,Singapore,0.0,0.0,2018-12-30
7601,Vietnam,3.0,0.0,2019-01-14
7601,Malaysia,5.0,0.0,2022-11-29
7601,Brunei,0.0,0.0,2018-12-30
7601,Chile,6.0,0.0,2018-12-30
7601,Peru,0.0,0.0,2021-09-19
7601,China,5.0,5.0,2025-01-01
7601,India,7.5,7.5,2025-01-01
7601,Indonesia,5.0,5.0,2025-01-01
7601,South Korea,1.0,0.0,2015-01-01
7601,Taiwan,2.5,2.5,2025-01-01
7601,Hong Kong,0.0,0.0,2025-01-01
7601,Argentina,14.0,14.0,2025-01-01
7601,Brazil,6.0,6.0,2025-01-01
7601,Colombia,10.0,10.0,2025-01-01
7601,Ecuador,10.0,10.0,2025-01-01
7601,Bolivia,10.0,10.0,2025-01-01
7601,Paraguay,8.0,8.0,2025-01-01
7601,Uruguay,8.0,8.0,2025-01-01
7601,Venezuela,10.0,10.0,2025-01-01
1001,United States,0.0,0.0,2025-03-07
1001,Austria,95.0,0.0,2017-09-21
1001,Belgium,95.0,0.0,2017-09-21
1001,Bulgaria,95.0,0.0,2017-09-21
1001,Croatia,95.0,0.0,2017-09-21
1001,Cyprus,95.0,0.0,2017-09-21
1001,Czechia,95.0,0.0,2017-09-21
1001,Denmark,95.0,0.0,2017-09-21
1001,Estonia,95.0,0.0,2017-09-21
1001,Finland,95.0,0.0,2017-09-21
1001,France,95.0,0.0,2017-09-21
1001,Germany,95.0,0.0,2017-09-21
1001,Greece,95.0,0.0,2017-09-21
1001,Hungary,95.0,0.0,2017-09-21
1001,Ireland,95.0,0.0,2017-09-21
1001,Italy,95.0,0.0,2017-09-21
1001,Latvia,95.0,0.0,2017-09-21
1001,Lithuania,95.0,0.0,2017-09-21
1001,Luxembourg,95.0,0.0,2017-09-21
1001,Malta,95.0,0.0,2017-09-21
1001,Netherlands,95.0,0.0,2017-09-21
1001,Poland,95.0,0.0,2017-09-21
1001,Portugal,95.0,0.0,2017-09-21
1001,Romania,95.0,0.0,2017-09-21
1001,Slovakia,95.0,0.0,2017-09-21
1001,Slovenia,95.0,0.0,2017-09-21
1001,Spain,95.0,0.0,2017-09-21
1001,Sweden,95.0,0.0,2017-09-21
1001,Iceland,0.0,0.0,2017-09-21
1001,Norway,277.0,277.0,2025-01-01
1001,Switzerland,0.0,0.0,2017-09-21
1001,Ukraine,10.0,10.0,2025-01-01
1001,United Kingdom,95.0,0.0,2021-01-01
1001,Japan,55.0,0.0,2018-12-30
1001,Australia,0.0,0.0,2018-12-30
1001,New Zealand,0.0,0.0,2018-12-30
1001,Singapore,0.0,0.0,2018-12-30
1001,Vietnam,5.0,0.0,2019-01-14
1001,Malaysia,0.0,0.0,2022-11-29
1001,Brunei,0.0,0.0,2018-12-30
1001,Chile,6.0,0.0,2018-12-30
1001,Peru,0.0,0.0,2021-09-19
1001,China,1.0,65.0,2025-03-04
1001,India,30.0,30.0,2025-01-01
1001,Indonesia,5.0,5.0,2025-01-01
1001,South Korea,3.0,0.0,2015-01-01
1001,Taiwan,6.5,6.5,2025-01-01
1001,Hong Kong,0.0,0.0,2025-01-01
1001,Argentina,8.0,8.0,2025-01-01
1001,Brazil,10.0,10.0,2025-01-01
1001,Colombia,15.0,15.0,2025-01-01
1001,Ecuador,15.0,15.0,2025-01-01
1001,Bolivia,10.0,10.0,2025-01-01
1001,Paraguay,8.0,8.0,2025-01-01
1001,Uruguay,8.0,8.0,2025-01-01
1001,Venezuela,20.0,20.0,2025-01-01
2710,United States,0.0,0.0,2025-03-07
2710,Austria,3.5,0.0,2017-09-21
2710,Belgium,3.5,0.0,2017-09-21
2710,Bulgaria,3.5,0.0,2017-09-21
2710,Croatia,3.5,0.0,2017-09-21
2710,Cyprus,3.5,0.0,2017-09-21
2710,Czechia,3.5,0.0,2017-09-21
2710,Denmark,3.5,0.0,2017-09-21
2710,Estonia,3.5,0.0,2017-09-21
2710,Finland,3.5,0.0,2017-09-21
2710,France,3.5,0.0,2017-09-21
2710,Germany,3.5,0.0,2017-09-21
2710,Greece,3.5,0.0,2017-09-21
2710,Hungary,3.5,0.0,2017-09-21
2710,Ireland,3.5,0.0,2017-09-21
2710,Italy,3.5,0.0,2017-09-21
2710,Latvia,3.5,0.0,2017-09-21
2710,Lithuania,3.5,0.0,2017-09-21
2710,Luxembourg,3.5,0.0,2017-09-21
2710,Malta,3.5,0.0,2017-09-21
2710,Netherlands,3.5,0.0,2017-09-21
2710,Poland,3.5,0.0,2017-09-21
2710,Portugal,3.5,0.0,2017-09-21
2710,Romania,3.5,0.0,2017-09-21
2710,Slovakia,3.5,0.0,2017-09-21
2710,Slovenia,3.5,0.0,2017-09-21
2710,Spain,3.5,0.0,2017-09-21
2710,Sweden,3.5,0.0,2017-09-21
2710,Iceland,0.0,0.0,2017-09-21
2710,Norway,0.0,0.0,2017-09-21
2710,Switzerland,0.0,0.0,2017-09-21
2710,Ukraine,5.0,5.0,2025-01-01
2710,United Kingdom,3.5,0.0,2021-01-01
2710,Japan,0.0,0.0,2018-12-30
2710,Australia,0.0,0.0,2018-12-30
2710,New Zealand,0.0,0.0,2018-12-30
2710,Singapore,0.0,0.0,2018-12-30
2710,Vietnam,7.0,0.0,2019-01-14
2710,Malaysia,0.0,0.0,2022-11-29
2710,Brunei,0.0,0.0,2018-12-30
2710,Chile,6.0,0.0,2018-12-30
2710,Peru,0.0,0.0,2021-09-19
2710,China,5.0,5.0,2025-01-01
2710,India,5.0,5.0,2025-01-01
2710,Indonesia,5.0,5.0,2025-01-01
2710,South Korea,3.0,0.0,2015-01-01
2710,Taiwan,5.0,5.0,2025-01-01
2710,Hong Kong,0.0,0.0,2025-01-01
2710,Argentina,6.0,6.0,2025-01-01
2710,Brazil,4.0,4.0,2025-01-01
2710,Colombia,5.0,5.0,2025-01-01
2710,Ecuador,5.0,5.0,2025-01-01
2710,Bolivia,5.0,5.0,2025-01-01
2710,Paraguay,4.0,4.0,2025-01-01
2710,Uruguay,4.0,4.0,2025-01-01
2710,Venezuela,5.0,5.0,2025-01-01
4407,United States,8.99,20.0,2025-03-04
4407,Austria,0.0,0.0,2017-09-21
4407,Belgium,0.0,0.0,2017-09-21
4407,Bulgaria,0.0,0.0,2017-09-21
4407,Croatia,0.0,0.0,2017-09-21
4407,Cyprus,0.0,0.0,2017-09-21
4407,Czechia,0.0,0.0,2017-09-21
4407,Denmark,0.0,0.0,2017-09-21
4407,Estonia,0.0,0.0,2017-09-21
4407,Finland,0.0,0.0,2017-09-21
4407,France,0.0,0.0,2017-09-21
4407,Germany,0.0,0.0,2017-09-21
4407,Greece,0.0,0.0,2017-09-21
4407,Hungary,0.0,0.0,2017-09-21
4407,Ireland,0.0,0.0,2017-09-21
4407,Italy,0.0,0.0,2017-09-21
4407,Latvia,0.0,0.0,2017-09-21
4407,Lithuania,0.0,0.0,2017-09-21
4407,Luxembourg,0.0,0.0,2017-09-21
4407,Malta,0.0,0.0,2017-09-21
4407,Netherlands,0.0,0.0,2017-09-21
4407,Poland,0.0,0.0,2017-09-21
4407,Portugal,0.0,0.0,2017-09-21
4407,Romania,0.0,0.0,2017-09-21
4407,Slovakia,0.0,0.0,2017-09-21
4407,Slovenia,0.0,0.0,2017-09-21
4407,Spain,0.0,0.0,2017-09-21
4407,Sweden,0.0,0.0,2017-09-21
4407,Iceland,0.0,0.0,2017-09-21
4407,Norway,0.0,0.0,2017-09-21
4407,Switzerland,0.0,0.0,2017-09-21
4407,Ukraine,0.0,0.0,2025-01-01
4407,United Kingdom,0.0,0.0,2021-01-01
4407,Japan,0.0,0.0,2018-12-30
4407,Australia,5.0,0.0,2018-12-30
4407,New Zealand,0.0,0.0,2018-12-30
4407,Singapore,0.0,0.0,2018-12-30
4407,Vietnam,0.0,0.0,2019-01-14
4407,Malaysia,0.0,0.0,2022-11-29
4407,Brunei,0.0,0.0,2018-12-30
4407,Chile,6.0,0.0,2018-12-30
4407,Peru,6.0,0.0,2021-09-19
4407,China,0.0,0.0,2025-01-01
4407,India,5.0,5.0,2025-01-01
4407,Indonesia,2.0,2.0,2025-01-01
4407,South Korea,5.0,0.0,2015-01-01
4407,Taiwan,0.0,0.0,2025-01-01
4407,Hong Kong,0.0,0.0,2025-01-01
4407,Argentina,8.0,8.0,2025-01-01
4407,Brazil,8.0,8.0,2025-01-01
4407,Colombia,10.0,10.0,2025-01-01
4407,Ecuador,10.0,10.0,2025-01-01
4407,Bolivia,10.0,10.0,2025-01-01
4407,Paraguay,8.0,8.0,2025-01-01
4407,Uruguay,8.0,8.0,2025-01-01
4407,Venezuela,15.0,15.0,2025-01-01
8802,United States,0.0,0.0,2025-03-07
8802,Austria,2.7,0.0,2017-09-21
8802,Belgium,2.7,0.0,2017-09-21
8802,Bulgaria,2.7,0.0,2017-09-21
8802,Croatia,2.7,0.0,2017-09-21
8802,Cyprus,2.7,0.0,2017-09-21
8802,Czechia,2.7,0.0,2017-09-21
8802,Denmark,2.7,0.0,2017-09-21
8802,Estonia,2.7,0.0,2017-09-21
8802,Finland,2.7,0.0,2017-09-21
8802,France,2.7,0.0,2017-09-21
8802,Germany,2.7,0.0,2017-09-21
8802,Greece,2.7,0.0,2017-09-21
8802,Hungary,2.7,0.0,2017-09-21
8802,Ireland,2.7,0.0,2017-09-21
8802,Italy,2.7,0.0,2017-09-21
8802,Latvia,2.7,0.0,2017-09-21
8802,Lithuania,2.7,0.0,2017-09-21
8802,Luxembourg,2.7,0.0,2017-09-21
8802,Malta,2.7,0.0,2017-09-21
8802,Netherlands,2.7,0.0,2017-09-21
8802,Poland,2.7,0.0,2017-09-21
8802,Portugal,2.7,0.0,2017-09-21
8802,Romania,2.7,0.0,2017-09-21
8802,Slovakia,2.7,0.0,2017-09-21
8802,Slovenia,2.7,0.0,2017-09-21
8802,Spain,2.7,0.0,2017-09-21
8802,Sweden,2.7,0.0,2017-09-21
8802,Iceland,0.0,0.0,2017-09-21
8802,Norway,0.0,0.0,2017-09-21
8802,Switzerland,0.0,0.0,2017-09-21
8802,Ukraine,0.0,0.0,2025-01-01
8802,United Kingdom,2.7,0.0,2021-01-01
8802,Japan,0.0,0.0,2018-12-30
8802,Australia,0.0,0.0,2018-12-30
8802,New Zealand,0.0,0.0,2018-12-30
8802,Singapore,0.0,0.0,2018-12-30
8802,Vietnam,0.0,0.0,2019-01-14
8802,Malaysia,0.0,0.0,2022-11-29
8802,Brunei,0.0,0.0,2018-12-30
8802,Chile,0.0,0.0,2018-12-30
8802,Peru,0.0,0.0,2021-09-19
8802,China,5.0,5.0,2025-01-01
8802,India,3.0,3.0,2025-01-01
8802,Indonesia,0.0,0.0,2025-01-01
8802,South Korea,0.0,0.0,2015-01-01
8802,Taiwan,0.0,0.0,2025-01-01
8802,Hong Kong,0.0,0.0,2025-01-01
8802,Argentina,14.0,14.0,2025-01-01
8802,Brazil,14.0,14.0,2025-01-01
8802,Colombia,5.0,5.0,2025-01-01
8802,Ecuador,5.0,5.0,2025-01-01
8802,Bolivia,5.0,5.0,2025-01-01
8802,Paraguay,8.0,8.0,2025-01-01
8802,Uruguay,8.0,8.0,2025-01-01
8802,Venezuela,10.0,10.0,2025-01-01
7501,United States,0.0,0.0,2025-03-07
7501,Austria,0.0,0.0,2017-09-21
7501,Belgium,0.0,0.0,2017-09-21
7501,Bulgaria,0.0,0.0,2017-09-21
7501,Croatia,0.0,0.0,2017-09-21
7501,Cyprus,0.0,0.0,2017-09-21
7501,Czechia,0.0,0.0,2017-09-21
7501,Denmark,0.0,0.0,2017-09-21
7501,Estonia,0.0,0.0,2017-09-21
7501,Finland,0.0,0.0,2017-09-21
7501,France,0.0,0.0,2017-09-21
7501,Germany,0.0,0.0,2017-09-21
7501,Greece,0.0,0.0,2017-09-21
7501,Hungary,0.0,0.0,2017-09-21
7501,Ireland,0.0,0.0,2017-09-21
7501,Italy,0.0,0.0,2017-09-21
7501,Latvia,0.0,0.0,2017-09-21
7501,Lithuania,0.0,0.0,2017-09-21
7501,Luxembourg,0.0,0.0,2017-09-21
7501,Malta,0.0,0.0,2017-09-21
7501,Netherlands,0.0,0.0,2017-09-21
7501,Poland,0.0,0.0,2017-09-21
7501,Portugal,0.0,0.0,2017-09-21
7501,Romania,0.0,0.0,2017-09-21
7501,Slovakia,0.0,0.0,2017-09-21
7501,Slovenia,0.0,0.0,2017-09-21
7501,Spain,0.0,0.0,2017-09-21
7501,Sweden,0.0,0.0,2017-09-21
7501,Iceland,0.0,0.0,2017-09-21
7501,Norway,0.0,0.0,2017-09-21
7501,Switzerland,0.0,0.0,2017-09-21
7501,Ukraine,0.0,0.0,2025-01-01
7501,United Kingdom,0.0,0.0,2021-01-01
7501,Japan,0.0,0.0,2018-12-30
7501,Australia,0.0,0.0,2018-12-30
7501,New Zealand,0.0,0.0,2018-12-30
7501,Singapore,0.0,0.0,2018-12-30
7501,Vietnam,0.0,0.0,2019-01-14
7501,Malaysia,0.0,0.0,2022-11-29
7501,Brunei,0.0,0.0,2018-12-30
7501,Chile,6.0,0.0,2018-12-30
7501,Peru,0.0,0.0,2021-09-19
7501,China,1.0,1.0,2025-01-01
7501,India,2.5,2.5,2025-01-01
7501,Indonesia,0.0,0.0,2025-01-01
7501,South Korea,0.0,0.0,2015-01-01
7501,Taiwan,0.0,0.0,2025-01-01
7501,Hong Kong,0.0,0.0,2025-01-01
7501,Argentina,10.0,10.0,2025-01-01
7501,Brazil,2.0,2.0,2025-01-01
7501,Colombia,5.0,5.0,2025-01-01
7501,Ecuador,5.0,5.0,2025-01-01
7501,Bolivia,5.0,5.0,2025-01-01
7501,Paraguay,4.0,4.0,2025-01-01
7501,Uruguay,4.0,4.0,2025-01-01
7501,Venezuela,5.0,5.0,2025-01-01
3004,United States,0.0,0.0,2025-03-07
3004,Austria,0.0,0.0,2017-09-21
3004,Belgium,0.0,0.0,2017-09-21
3004,Bulgaria,0.0,0.0,2017-09-21
3004,Croatia,0.0,0.0,2017-09-21
3004,Cyprus,0.0,0.0,2017-09-21
3004,Czechia,0.0,0.0,2017-09-21
3004,Denmark,0.0,0.0,2017-09-21
3004,Estonia,0.0,0.0,2017-09-21
3004,Finland,0.0,0.0,2017-09-21
3004,France,0.0,0.0,2017-09-21
3004,Germany,0.0,0.0,2017-09-21
3004,Greece,0.0,0.0,2017-09-21
3004,Hungary,0.0,0.0,2017-09-21
3004,Ireland,0.0,0.0,2017-09-21
3004,Italy,0.0,0.0,2017-09-21
3004,Latvia,0.0,0.0,2017-09-21
3004,Lithuania,0.0,0.0,2017-09-21
3004,Luxembourg,0.0,0.0,2017-09-21
3004,Malta,0.0,0.0,2017-09-21
3004,Netherlands,0.0,0.0,2017-09-21
3004,Poland,0.0,0.0,2017-09-21
3004,Portugal,0.0,0.0,2017-09-21
3004,Romania,0.0,0.0,2017-09-21
3004,Slovakia,0.0,0.0,2017-09-21
3004,Slovenia,0.0,0.0,2017-09-21
3004,Spain,0.0,0.0,2017-09-21
3004,Sweden,0.0,0.0,2017-09-21
3004,Iceland,0.0,0.0,2017-09-21
3004,Norway,0.0,0.0,2017-09-21
3004,Switzerland,0.0,0.0,2017-09-21
3004,Ukraine,0.0,0.0,2025-01-01
3004,United Kingdom,0.0,0.0,2021-01-01
3004,Japan,0.0,0.0,2018-12-30
3004,Australia,0.0,0.0,2018-12-30
3004,New Zealand,0.0,0.0,2018-12-30
3004,Singapore,0.0,0.0,2018-12-30
3004,Vietnam,2.5,0.0,2019-01-14
3004,Malaysia,0.0,0.0,2022-11-29
3004,Brunei,0.0,0.0,2018-12-30
3004,Chile,6.0,0.0,2018-12-30
3004,Peru,0.0,0.0,2021-09-19
3004,China,4.0,4.0,2025-01-01
3004,India,10.0,10.0,2025-01-01
3004,Indonesia,5.0,5.0,2025-01-01
3004,South Korea,8.0,0.0,2015-01-01
3004,Taiwan,2.0,2.0,2025-01-01
3004,Hong Kong,0.0,0.0,2025-01-01
3004,Argentina,14.0,14.0,2025-01-01
3004,Brazil,8.0,8.0,2025-01-01
3004,Colombia,10.0,10.0,2025-01-01
3004,Ecuador,10.0,10.0,2025-01-01
3004,Bolivia,10.0,10.0,2025-01-01
3004,Paraguay,8.0,8.0,2025-01-01
3004,Uruguay,8.0,8.0,2025-01-01
3004,Venezuela,10.0,10.0,2025-01-01
8411,United States,0.0,0.0,2025-03-07
8411,Austria,2.7,0.0,2017-09-21
8411,Belgium,2.7,0.0,2017-09-21
8411,Bulgaria,2.7,0.0,2017-09-21
8411,Croatia,2.7,0.0,2017-09-21
8411,Cyprus,2.7,0.0,2017-09-21
8411,Czechia,2.7,0.0,2017-09-21
8411,Denmark,2.7,0.0,2017-09-21
8411,Estonia,2.7,0.0,2017-09-21
8411,Finland,2.7,0.0,2017-09-21
8411,France,2.7,0.0,2017-09-21
8411,Germany,2.7,0.0,2017-09-21
8411,Greece,2.7,0.0,2017-09-21
8411,Hungary,2.7,0.0,2017-09-21
8411,Ireland,2.7,0.0,2017-09-21
8411,Italy,2.7,0.0,2017-09-21
8411,Latvia,2.7,0.0,2017-09-21
8411,Lithuania,2.7,0.0,2017-09-21
8411,Luxembourg,2.7,0.0,2017-09-21
8411,Malta,2.7,0.0,2017-09-21
8411,Netherlands,2.7,0.0,2017-09-21
8411,Poland,2.7,0.0,2017-09-21
8411,Portugal,2.7,0.0,2017-09-21
8411,Romania,2.7,0.0,2017-09-21
8411,Slovakia,2.7,0.0,2017-09-21
8411,Slovenia,2.7,0.0,2017-09-21
8411,Spain,2.7,0.0,2017-09-21
8411,Sweden,2.7,0.0,2017-09-21
8411,Iceland,0.0,0.0,2017-09-21
8411,Norway,0.0,0.0,2017-09-21
8411,Switzerland,0.0,0.0,2017-09-21
8411,Ukraine,0.0,0.0,2025-01-01
8411,United Kingdom,2.7,0.0,2021-01-01
8411,Japan,0.0,0.0,2018-12-30
8411,Australia,5.0,0.0,2018-12-30
8411,New Zealand,0.0,0.0,2018-12-30
8411,Singapore,0.0,0.0,2018-12-30
8411,Vietnam,3.0,0.0,2019-01-14
8411,Malaysia,0.0,0.0,2022-11-29
8411,Brunei,0.0,0.0,2018-12-30
8411,Chile,6.0,0.0,2018-12-30
8411,Peru,0.0,0.0,2021-09-19
8411,China,2.0,2.0,2025-01-01
8411,India,7.5,7.5,2025-01-01
8411,Indonesia,5.0,5.0,2025-01-01
8411,South Korea,3.0,0.0,2015-01-01
8411,Taiwan,2.5,2.5,2025-01-01
8411,Hong Kong,0.0,0.0,2025-01-01
8411,Argentina,14.0,14.0,2025-01-01
8411,Brazil,14.0,14.0,2025-01-01
8411,Colombia,5.0,5.0,2025-01-01
8411,Ecuador,5.0,5.0,2025-01-01
8411,Bolivia,5.0,5.0,2025-01-01
8411,Paraguay,8.0,8.0,2025-01-01
8411,Uruguay,8.0,8.0,2025-01-01
8411,Venezuela,10.0,10.0,2025-01-01
1205,United States,0.0,0.0,2025-03-07
1205,Austria,0.0,0.0,2017-09-21
1205,Belgium,0.0,0.0,2017-09-21
1205,Bulgaria,0.0,0.0,2017-09-21
1205,Croatia,0.0,0.0,2017-09-21
1205,Cyprus,0.0,0.0,2017-09-21
1205,Czechia,0.0,0.0,2017-09-21
1205,Denmark,0.0,0.0,2017-09-21
1205,Estonia,0.0,0.0,2017-09-21
1205,Finland,0.0,0.0,2017-09-21
1205,France,0.0,0.0,2017-09-21
1205,Germany,0.0,0.0,2017-09-21
1205,Greece,0.0,0.0,2017-09-21
1205,Hungary,0.0,0.0,2017-09-21
1205,Ireland,0.0,0.0,2017-09-21
1205,Italy,0.0,0.0,2017-09-21
1205,Latvia,0.0,0.0,2017-09-21
1205,Lithuania,0.0,0.0,2017-09-21
1205,Luxembourg,0.0,0.0,2017-09-21
1205,Malta,0.0,0.0,2017-09-21
1205,Netherlands,0.0,0.0,2017-09-21
1205,Poland,0.0,0.0,2017-09-21
1205,Portugal,0.0,0.0,2017-09-21
1205,Romania,0.0,0.0,2017-09-21
1205,Slovakia,0.0,0.0,2017-09-21
1205,Slovenia,0.0,0.0,2017-09-21
1205,Spain,0.0,0.0,2017-09-21
1205,Sweden,0.0,0.0,2017-09-21
1205,Iceland,0.0,0.0,2017-09-21
1205,Norway,0.0,0.0,2017-09-21
1205,Switzerland,0.0,0.0,2017-09-21
1205,Ukraine,0.0,0.0,2025-01-01
1205,United Kingdom,0.0,0.0,2021-01-01
1205,Japan,0.0,0.0,2018-12-30
1205,Australia,0.0,0.0,2018-12-30
1205,New Zealand,0.0,0.0,2018-12-30
1205,Singapore,0.0,0.0,2018-12-30
1205,Vietnam,3.0,0.0,2019-01-14
1205,Malaysia,0.0,0.0,2022-11-29
1205,Brunei,0.0,0.0,2018-12-30
1205,Chile,6.0,0.0,2018-12-30
1205,Peru,0.0,0.0,2021-09-19
1205,China,9.0,100.0,2025-03-04
1205,India,30.0,30.0,2025-01-01
1205,Indonesia,0.0,0.0,2025-01-01
1205,South Korea,0.0,0.0,2015-01-01
1205,Taiwan,0.0,0.0,2025-01-01
1205,Hong Kong,0.0,0.0,2025-01-01
1205,Argentina,6.0,6.0,2025-01-01
1205,Brazil,6.0,6.0,2025-01-01
1205,Colombia,10.0,10.0,2025-01-01
1205,Ecuador,10.0,10.0,2025-01-01
1205,Bolivia,10.0,10.0,2025-01-01
1205,Paraguay,6.0,6.0,2025-01-01
1205,Uruguay,6.0,6.0,2025-01-01
1205,Venezuela,10.0,10.0,2025-01-01
2701,United States,0.0,0.0,2025-03-07
2701,Austria,0.0,0.0,2017-09-21
2701,Belgium,0.0,0.0,2017-09-21
2701,Bulgaria,0.0,0.0,2017-09-21
2701,Croatia,0.0,0.0,2017-09-21
2701,Cyprus,0.0,0.0,2017-09-21
2701,Czechia,0.0,0.0,2017-09-21
2701,Denmark,0.0,0.0,2017-09-21
2701,Estonia,0.0,0.0,2017-09-21
2701,Finland,0.0,0.0,2017-09-21
2701,France,0.0,0.0,2017-09-21
2701,Germany,0.0,0.0,2017-09-21
2701,Greece,0.0,0.0,2017-09-21
2701,Hungary,0.0,0.0,2017-09-21
2701,Ireland,0.0,0.0,2017-09-21
2701,Italy,0.0,0.0,2017-09-21
2701,Latvia,0.0,0.0,2017-09-21
2701,Lithuania,0.0,0.0,2017-09-21
2701,Luxembourg,0.0,0.0,2017-09-21
2701,Malta,0.0,0.0,2017-09-21
2701,Netherlands,0.0,0.0,2017-09-21
2701,Poland,0.0,0.0,2017-09-21
2701,Portugal,0.0,0.0,2017-09-21
2701,Romania,0.0,0.0,2017-09-21
2701,Slovakia,0.0,0.0,2017-09-21
2701,Slovenia,0.0,0.0,2017-09-21
2701,Spain,0.0,0.0,2017-09-21
2701,Sweden,0.0,0.0,2017-09-21
2701,Iceland,0.0,0.0,2017-09-21
2701,Norway,0.0,0.0,2017-09-21
2701,Switzerland,0.0,0.0,2017-09-21
2701,Ukraine,0.0,0.0,2025-01-01
2701,United Kingdom,0.0,0.0,2021-01-01
2701,Japan,0.0,0.0,2018-12-30
2701,Australia,0.0,0.0,2018-12-30
2701,New Zealand,0.0,0.0,2018-12-30
2701,Singapore,0.0,0.0,2018-12-30
2701,Vietnam,0.0,0.0,2019-01-14
2701,Malaysia,0.0,0.0,2022-11-29
2701,Brunei,0.0,0.0,2018-12-30
2701,Chile,6.0,0.0,2018-12-30
2701,Peru,0.0,0.0,2021-09-19
2701,China,0.0,0.0,2025-01-01
2701,India,5.0,5.0,2025-01-01
2701,Indonesia,0.0,0.0,2025-01-01
2701,South Korea,0.0,0.0,2015-01-01
2701,Taiwan,0.0,0.0,2025-01-01
2701,Hong Kong,0.0,0.0,2025-01-01
2701,Argentina,0.0,0.0,2025-01-01
2701,Brazil,0.0,0.0,2025-01-01
2701,Colombia,0.0,0.0,2025-01-01
2701,Ecuador,0.0,0.0,2025-01-01
2701,Bolivia,0.0,0.0,2025-01-01
2701,Paraguay,0.0,0.0,2025-01-01
2701,Uruguay,0.0,0.0,2025-01-01
2701,Venezuela,0.0,0.0,2025-01-01
4703,United States,0.0,0.0,2025-03-07
4703,Austria,0.0,0.0,2017-09-21
4703,Belgium,0.0,0.0,2017-09-21
4703,Bulgaria,0.0,0.0,2017-09-21
4703,Croatia,0.0,0.0,2017-09-21
4703,Cyprus,0.0,0.0,2017-09-21
4703,Czechia,0.0,0.0,2017-09-21
4703,Denmark,0.0,0.0,2017-09-21
4703,Estonia,0.0,0.0,2017-09-21
4703,Finland,0.0,0.0,2017-09-21
4703,France,0.0,0.0,2017-09-21
4703,Germany,0.0,0.0,2017-09-21
4703,Greece,0.0,0.0,2017-09-21
4703,Hungary,0.0,0.0,2017-09-21
4703,Ireland,0.0,0.0,2017-09-21
4703,Italy,0.0,0.0,2017-09-21
4703,Latvia,0.0,0.0,2017-09-21
4703,Lithuania,0.0,0.0,2017-09-21
4703,Luxembourg,0.0,0.0,2017-09-21
4703,Malta,0.0,0.0,2017-09-21
4703,Netherlands,0.0,0.0,2017-09-21
4703,Poland,0.0,0.0,2017-09-21
4703,Portugal,0.0,0.0,2017-09-21
4703,Romania,0.0,0.0,2017-09-21
4703,Slovakia,0.0,0.0,2017-09-21
4703,Slovenia,0.0,0.0,2017-09-21
4703,Spain,0.0,0.0,2017-09-21
4703,Sweden,0.0,0.0,2017-09-21
4703,Iceland,0.0,0.0,2017-09-21
4703,Norway,0.0,0.0,2017-09-21
4703,Switzerland,0.0,0.0,2017-09-21
4703,Ukraine,0.0,0.0,2025-01-01
4703,United Kingdom,0.0,0.0,2021-01-01
4703,Japan,0.0,0.0,2018-12-30
4703,Australia,0.0,0.0,2018-12-30
4703,New Zealand,0.0,0.0,2018-12-30
4703,Singapore,0.0,0.0,2018-12-30
4703,Vietnam,0.0,0.0,2019-01-14
4703,Malaysia,0.0,0.0,2022-11-29
4703,Brunei,0.0,0.0,2018-12-30
4703,Chile,6.0,0.0,2018-12-30
4703,Peru,0.0,0.0,2021-09-19
4703,China,0.0,0.0,2025-01-01
4703,India,5.0,5.0,2025-01-01
4703,Indonesia,0.0,0.0,2025-01-01
4703,South Korea,0.0,0.0,2015-01-01
4703,Taiwan,0.0,0.0,2025-01-01
4703,Hong Kong,0.0,0.0,2025-01-01
4703,Argentina,6.0,6.0,2025-01-01
4703,Brazil,4.0,4.0,2025-01-01
4703,Colombia,5.0,5.0,2025-01-01
4703,Ecuador,5.0,5.0,2025-01-01
4703,Bolivia,5.0,5.0,2025-01-01
4703,Paraguay,4.0,4.0,2025-01-01
4703,Uruguay,4.0,4.0,2025-01-01
4703,Venezuela,5.0,5.0,2025-01-01
1201,United States,0.0,0.0,2025-03-07
1201,Austria,0.0,0.0,2017-09-21
1201,Belgium,0.0,0.0,2017-09-21
1201,Bulgaria,0.0,0.0,2017-09-21
1201,Croatia,0.0,0.0,2017-09-21
1201,Cyprus,0.0,0.0,2017-09-21
1201,Czechia,0.0,0.0,2017-09-21
1201,Denmark,0.0,0.0,2017-09-21
1201,Estonia,0.0,0.0,2017-09-21
1201,Finland,0.0,0.0,2017-09-21
1201,France,0.0,0.0,2017-09-21
1201,Germany,0.0,0.0,2017-09-21
1201,Greece,0.0,0.0,2017-09-21
1201,Hungary,0.0,0.0,2017-09-21
1201,Ireland,0.0,0.0,2017-09-21
1201,Italy,0.0,0.0,2017-09-21
1201,Latvia,0.0,0.0,2017-09-21
1201,Lithuania,0.0,0.0,2017-09-21
1201,Luxembourg,0.0,0.0,2017-09-21
1201,Malta,0.0,0.0,2017-09-21
1201,Netherlands,0.0,0.0,2017-09-21
1201,Poland,0.0,0.0,2017-09-21
1201,Portugal,0.0,0.0,2017-09-21
1201,Romania,0.0,0.0,2017-09-21
1201,Slovakia,0.0,0.0,2017-09-21
1201,Slovenia,0.0,0.0,2017-09-21
1201,Spain,0.0,0.0,2017-09-21
1201,Sweden,0.0,0.0,2017-09-21
1201,Iceland,0.0,0.0,2017-09-21
1201,Norway,0.0,0.0,2017-09-21
1201,Switzerland,0.0,0.0,2017-09-21
1201,Ukraine,0.0,0.0,2025-01-01
1201,United Kingdom,0.0,0.0,2021-01-01
1201,Japan,0.0,0.0,2018-12-30
1201,Australia,0.0,0.0,2018-12-30
1201,New Zealand,0.0,0.0,2018-12-30
1201,Singapore,0.0,0.0,2018-12-30
1201,Vietnam,3.0,0.0,2019-01-14
1201,Malaysia,0.0,0.0,2022-11-29
1201,Brunei,0.0,0.0,2018-12-30
1201,Chile,6.0,0.0,2018-12-30
1201,Peru,0.0,0.0,2021-09-19
1201,China,3.0,3.0,2025-01-01
1201,India,30.0,30.0,2025-01-01
1201,Indonesia,5.0,5.0,2025-01-01
1201,South Korea,5.0,0.0,2015-01-01
1201,Taiwan,0.0,0.0,2025-01-01
1201,Hong Kong,0.0,0.0,2025-01-01
1201,Argentina,6.0,6.0,2025-01-01
1201,Brazil,6.0,6.0,2025-01-01
1201,Colombia,10.0,10.0,2025-01-01
1201,Ecuador,10.0,10.0,2025-01-01
1201,Bolivia,10.0,10.0,2025-01-01
1201,Paraguay,6.0,6.0,2025-01-01
1201,Uruguay,6.0,6.0,2025-01-01
1201,Venezuela,10.0,10.0,2025-01-01
3104,United States,0.0,0.0,2025-03-07
3104,Austria,0.0,0.0,2017-09-21
3104,Belgium,0.0,0.0,2017-09-21
3104,Bulgaria,0.0,0.0,2017-09-21
3104,Croatia,0.0,0.0,2017-09-21
3104,Cyprus,0.0,0.0,2017-09-21
3104,Czechia,0.0,0.0,2017-09-21
3104,Denmark,0.0,0.0,2017-09-21
3104,Estonia,0.0,0.0,2017-09-21
3104,Finland,0.0,0.0,2017-09-21
3104,France,0.0,0.0,2017-09-21
3104,Germany,0.0,0.0,2017-09-21
3104,Greece,0.0,0.0,2017-09-21
3104,Hungary,0.0,0.0,2017-09-21
3104,Ireland,0.0,0.0,2017-09-21
3104,Italy,0.0,0.0,2017-09-21
3104,Latvia,0.0,0.0,2017-09-21
3104,Lithuania,0.0,0.0,2017-09-21
3104,Luxembourg,0.0,0.0,2017-09-21
3104,Malta,0.0,0.0,2017-09-21
3104,Netherlands,0.0,0.0,2017-09-21
3104,Poland,0.0,0.0,2017-09-21
3104,Portugal,0.0,0.0,2017-09-21
3104,Romania,0.0,0.0,2017-09-21
3104,Slovakia,0.0,0.0,2017-09-21
3104,Slovenia,0.0,0.0,2017-09-21
3104,Spain,0.0,0.0,2017-09-21
3104,Sweden,0.0,0.0,2017-09-21
3104,Iceland,0.0,0.0,2017-09-21
3104,Norway,0.0,0.0,2017-09-21
3104,Switzerland,0.0,0.0,2017-09-21
3104,Ukraine,0.0,0.0,2025-01-01
3104,United Kingdom,0.0,0.0,2021-01-01
3104,Japan,0.0,0.0,2018-12-30
3104,Australia,0.0,0.0,2018-12-30
3104,New Zealand,0.0,0.0,2018-12-30
3104,Singapore,0.0,0.0,2018-12-30
3104,Vietnam,0.0,0.0,2019-01-14
3104,Malaysia,0.0,0.0,2022-11-29
3104,Brunei,0.0,0.0,2018-12-30
3104,Chile,6.0,0.0,2018-12-30
3104,Peru,0.0,0.0,2021-09-19
3104,China,3.0,3.0,2025-01-01
3104,India,5.0,5.0,2025-01-01
3104,Indonesia,0.0,0.0,2025-01-01
3104,South Korea,3.0,0.0,2015-01-01
3104,Taiwan,2.5,2.5,2025-01-01
3104,Hong Kong,0.0,0.0,2025-01-01
3104,Argentina,6.0,6.0,2025-01-01
3104,Brazil,4.0,4.0,2025-01-01
3104,Colombia,5.0,5.0,2025-01-01
3104,Ecuador,5.0,5.0,2025-01-01
3104,Bolivia,5.0,5.0,2025-01-01
3104,Paraguay,4.0,4.0,2025-01-01
3104,Uruguay,4.0,4.0,2025-01-01
3104,Venezuela,5.0,5.0,2025-01-01
2603,United States,0.0,0.0,2025-03-07
2603,Austria,0.0,0.0,2017-09-21
2603,Belgium,0.0,0.0,2017-09-21
2603,Bulgaria,0.0,0.0,2017-09-21
2603,Croatia,0.0,0.0,2017-09-21
2603,Cyprus,0.0,0.0,2017-09-21
2603,Czechia,0.0,0.0,2017-09-21
2603,Denmark,0.0,0.0,2017-09-21
2603,Estonia,0.0,0.0,2017-09-21
2603,Finland,0.0,0.0,2017-09-21
2603,France,0.0,0.0,2017-09-21
2603,Germany,0.0,0.0,2017-09-21
2603,Greece,0.0,0.0,2017-09-21
2603,Hungary,0.0,0.0,2017-09-21
2603,Ireland,0.0,0.0,2017-09-21
2603,Italy,0.0,0.0,2017-09-21
2603,Latvia,0.0,0.0,2017-09-21
2603,Lithuania,0.0,0.0,2017-09-21
2603,Luxembourg,0.0,0.0,2017-09-21
2603,Malta,0.0,0.0,2017-09-21
2603,Netherlands,0.0,0.0,2017-09-21
2603,Poland,0.0,0.0,2017-09-21
2603,Portugal,0.0,0.0,2017-09-21
2603,Romania,0.0,0.0,2017-09-21
2603,Slovakia,0.0,0.0,2017-09-21
2603,Slovenia,0.0,0.0,2017-09-21
2603,Spain,0.0,0.0,2017-09-21
2603,Sweden,0.0,0.0,2017-09-21
2603,Iceland,0.0,0.0,2017-09-21
2603,Norway,0.0,0.0,2017-09-21
2603,Switzerland,0.0,0.0,2017-09-21
2603,Ukraine,0.0,0.0,2025-01-01
2603,United Kingdom,0.0,0.0,2021-01-01
2603,Japan,0.0,0.0,2018-12-30
2603,Australia,0.0,0.0,2018-12-30
2603,New Zealand,0.0,0.0,2018-12-30
2603,Singapore,0.0,0.0,2018-12-30
2603,Vietnam,0.0,0.0,2019-01-14
2603,Malaysia,0.0,0.0,2022-11-29
2603,Brunei,0.0,0.0,2018-12-30
2603,Chile,6.0,0.0,2018-12-30
2603,Peru,0.0,0.0,2021-09-19
2603,China,0.0,0.0,2025-01-01
2603,India,2.5,2.5,2025-01-01
2603,Indonesia,0.0,0.0,2025-01-01
2603,South Korea,0.0,0.0,2015-01-01
2603,Taiwan,0.0,0.0,2025-01-01
2603,Hong Kong,0.0,0.0,2025-01-01
2603,Argentina,0.0,0.0,2025-01-01
2603,Brazil,0.0,0.0,2025-01-01
2603,Colombia,0.0,0.0,2025-01-01
2603,Ecuador,0.0,0.0,2025-01-01
2603,Bolivia,0.0,0.0,2025-01-01
2603,Paraguay,0.0,0.0,2025-01-01
2603,Uruguay,0.0,0.0,2025-01-01
2603,Venezuela,0.0,0.0,2025-01-01
0306,United States,0.0,0.0,2025-03-07
0306,Austria,12.5,0.0,2017-09-21
0306,Belgium,12.5,0.0,2017-09-21
0306,Bulgaria,12.5,0.0,2017-09-21
0306,Croatia,12.5,0.0,2017-09-21
0306,Cyprus,12.5,0.0,2017-09-21
0306,Czechia,12.5,0.0,2017-09-21
0306,Denmark,12.5,0.0,2017-09-21
0306,Estonia,12.5,0.0,2017-09-21
0306,Finland,12.5,0.0,2017-09-21
0306,France,12.5,0.0,2017-09-21
0306,Germany,12.5,0.0,2017-09-21
0306,Greece,12.5,0.0,2017-09-21
0306,Hungary,12.5,0.0,2017-09-21
0306,Ireland,12.5,0.0,2017-09-21
0306,Italy,12.5,0.0,2017-09-21
0306,Latvia,12.5,0.0,2017-09-21
0306,Lithuania,12.5,0.0,2017-09-21
0306,Luxembourg,12.5,0.0,2017-09-21
0306,Malta,12.5,0.0,2017-09-21
0306,Netherlands,12.5,0.0,2017-09-21
0306,Poland,12.5,0.0,2017-09-21
0306,Portugal,12.5,0.0,2017-09-21
0306,Romania,12.5,0.0,2017-09-21
0306,Slovakia,12.5,0.0,2017-09-21
0306,Slovenia,12.5,0.0,2017-09-21
0306,Spain,12.5,0.0,2017-09-21
0306,Sweden,12.5,0.0,2017-09-21
0306,Iceland,0.0,0.0,2017-09-21
0306,Norway,0.0,0.0,2017-09-21
0306,Switzerland,0.0,0.0,2017-09-21
0306,Ukraine,10.0,10.0,2025-01-01
0306,United Kingdom,12.5,0.0,2021-01-01
0306,Japan,4.0,0.0,2018-12-30
0306,Australia,0.0,0.0,2018-12-30
0306,New Zealand,0.0,0.0,2018-12-30
0306,Singapore,0.0,0.0,2018-12-30
0306,Vietnam,15.0,0.0,2019-01-14
0306,Malaysia,0.0,0.0,2022-11-29
0306,Brunei,0.0,0.0,2018-12-30
0306,Chile,6.0,0.0,2018-12-30
0306,Peru,0.0,0.0,2021-09-19
0306,China,7.0,7.0,2025-01-01
0306,India,30.0,30.0,2025-01-01
0306,Indonesia,5.0,5.0,2025-01-01
0306,South Korea,20.0,0.0,2015-01-01
0306,Taiwan,10.0,10.0,2025-01-01
0306,Hong Kong,0.0,0.0,2025-01-01
0306,Argentina,10.0,10.0,2025-01-01
0306,Brazil,10.0,10.0,2025-01-01
0306,Colombia,15.0,15.0,2025-01-01
0306,Ecuador,15.0,15.0,2025-01-01
0306,Bolivia,15.0,15.0,2025-01-01
0306,Paraguay,10.0,10.0,2025-01-01
0306,Uruguay,10.0,10.0,2025-01-01
0306,Venezuela,20.0,20.0,2025-01-01
8708,United States,0.0,25.0,2025-03-04
8708,Austria,3.5,0.0,2017-09-21
8708,Belgium,3.5,0.0,2017-09-21
8708,Bulgaria,3.5,0.0,2017-09-21
8708,Croatia,3.5,0.0,2017-09-21
8708,Cyprus,3.5,0.0,2017-09-21
8708,Czechia,3.5,0.0,2017-09-21
8708,Denmark,3.5,0.0,2017-09-21
8708,Estonia,3.5,0.0,2017-09-21
8708,Finland,3.5,0.0,2017-09-21
8708,France,3.5,0.0,2017-09-21
8708,Germany,3.5,0.0,2017-09-21
8708,Greece,3.5,0.0,2017-09-21
8708,Hungary,3.5,0.0,2017-09-21
8708,Ireland,3.5,0.0,2017-09-21
8708,Italy,3.5,0.0,2017-09-21
8708,Latvia,3.5,0.0,2017-09-21
8708,Lithuania,3.5,0.0,2017-09-21
8708,Luxembourg,3.5,0.0,2017-09-21
8708,Malta,3.5,0.0,2017-09-21
8708,Netherlands,3.5,0.0,2017-09-21
8708,Poland,3.5,0.0,2017-09-21
8708,Portugal,3.5,0.0,2017-09-21
8708,Romania,3.5,0.0,2017-09-21
8708,Slovakia,3.5,0.0,2017-09-21
8708,Slovenia,3.5,0.0,2017-09-21
8708,Spain,3.5,0.0,2017-09-21
8708,Sweden,3.5,0.0,2017-09-21
8708,Iceland,0.0,0.0,2017-09-21
8708,Norway,0.0,0.0,2017-09-21
8708,Switzerland,0.0,0.0,2017-09-21
8708,Ukraine,5.0,5.0,2025-01-01
8708,United Kingdom,3.5,0.0,2021-01-01
8708,Japan,0.0,0.0,2018-12-30
8708,Australia,5.0,0.0,2018-12-30
8708,New Zealand,0.0,0.0,2018-12-30
8708,Singapore,0.0,0.0,2018-12-30
8708,Vietnam,15.0,0.0,2019-01-14
8708,Malaysia,10.0,0.0,2022-11-29
8708,Brunei,0.0,0.0,2018-12-30
8708,Chile,6.0,0.0,2018-12-30
8708,Peru,0.0,0.0,2021-09-19
8708,China,6.0,6.0,2025-01-01
8708,India,15.0,15.0,2025-01-01
8708,Indonesia,10.0,10.0,2025-01-01
8708,South Korea,8.0,0.0,2015-01-01
8708,Taiwan,5.0,5.0,2025-01-01
8708,Hong Kong,0.0,0.0,2025-01-01
8708,Argentina,18.0,18.0,2025-01-01
8708,Brazil,18.0,18.0,2025-01-01
8708,Colombia,15.0,15.0,2025-01-01
8708,Ecuador,15.0,15.0,2025-01-01
8708,Bolivia,10.0,10.0,2025-01-01
8708,Paraguay,12.0,12.0,2025-01-01
8708,Uruguay,12.0,12.0,2025-01-01
8708,Venezuela,15.0,15.0,2025-01-01
2711,United States,0.0,0.0,2025-03-07
2711,Austria,0.0,0.0,2017-09-21
2711,Belgium,0.0,0.0,2017-09-21
2711,Bulgaria,0.0,0.0,2017-09-21
2711,Croatia,0.0,0.0,2017-09-21
2711,Cyprus,0.0,0.0,2017-09-21
2711,Czechia,0.0,0.0,2017-09-21
2711,Denmark,0.0,0.0,2017-09-21
2711,Estonia,0.0,0.0,2017-09-21
2711,Finland,0.0,0.0,2017-09-21
2711,France,0.0,0.0,2017-09-21
2711,Germany,0.0,0.0,2017-09-21
2711,Greece,0.0,0.0,2017-09-21
2711,Hungary,0.0,0.0,2017-09-21
2711,Ireland,0.0,0.0,2017-09-21
2711,Italy,0.0,0.0,2017-09-21
2711,Latvia,0.0,0.0,2017-09-21
2711,Lithuania,0.0,0.0,2017-09-21
2711,Luxembourg,0.0,0.0,2017-09-21
2711,Malta,0.0,0.0,2017-09-21
2711,Netherlands,0.0,0.0,2017-09-21
2711,Poland,0.0,0.0,2017-09-21
2711,Portugal,0.0,0.0,2017-09-21
2711,Romania,0.0,0.0,2017-09-21
2711,Slovakia,0.0,0.0,2017-09-21
2711,Slovenia,0.0,0.0,2017-09-21
2711,Spain,0.0,0.0,2017-09-21
2711,Sweden,0.0,0.0,2017-09-21
2711,Iceland,0.0,0.0,2017-09-21
2711,Norway,0.0,0.0,2017-09-21
2711,Switzerland,0.0,0.0,2017-09-21
2711,Ukraine,0.0,0.0,2025-01-01
2711,United Kingdom,0.0,0.0,2021-01-01
2711,Japan,0.0,0.0,2018-12-30
2711,Australia,0.0,0.0,2018-12-30
2711,New Zealand,0.0,0.0,2018-12-30
2711,Singapore,0.0,0.0,2018-12-30
2711,Vietnam,0.0,0.0,2019-01-14
2711,Malaysia,0.0,0.0,2022-11-29
2711,Brunei,0.0,0.0,2018-12-30
2711,Chile,6.0,0.0,2018-12-30
2711,Peru,0.0,0.0,2021-09-19
2711,China,0.0,0.0,2025-01-01
2711,India,2.5,2.5,2025-01-01
2711,Indonesia,0.0,0.0,2025-01-01
2711,South Korea,2.0,0.0,2015-01-01
2711,Taiwan,0.0,0.0,2025-01-01
2711,Hong Kong,0.0,0.0,2025-01-01
2711,Argentina,0.0,0.0,2025-01-01
2711,Brazil,0.0,0.0,2025-01-01
2711,Colombia,0.0,0.0,2025-01-01
2711,Ecuador,0.0,0.0,2025-01-01
2711,Bolivia,0.0,0.0,2025-01-01
2711,Paraguay,0.0,0.0,2025-01-01
2711,Uruguay,0.0,0.0,2025-01-01
2711,Venezuela,0.0,0.0,2025-01-01
0201,United States,0.0,0.0,2025-03-07
0201,Austria,12.8,0.0,2017-09-21
0201,Belgium,12.8,0.0,2017-09-21
0201,Bulgaria,12.8,0.0,2017-09-21
0201,Croatia,12.8,0.0,2017-09-21
0201,Cyprus,12.8,0.0,2017-09-21
0201,Czechia,12.8,0.0,2017-09-21
0201,Denmark,12.8,0.0,2017-09-21
0201,Estonia,12.8,0.0,2017-09-21
0201,Finland,12.8,0.0,2017-09-21
0201,France,12.8,0.0,2017-09-21
0201,Germany,12.8,0.0,2017-09-21
0201,Greece,12.8,0.0,2017-09-21
0201,Hungary,12.8,0.0,2017-09-21
0201,Ireland,12.8,0.0,2017-09-21
0201,Italy,12.8,0.0,2017-09-21
0201,Latvia,12.8,0.0,2017-09-21
0201,Lithuania,12.8,0.0,2017-09-21
0201,Luxembourg,12.8,0.0,2017-09-21
0201,Malta,12.8,0.0,2017-09-21
0201,Netherlands,12.8,0.0,2017-09-21
0201,Poland,12.8,0.0,2017-09-21
0201,Portugal,12.8,0.0,2017-09-21
0201,Romania,12.8,0.0,2017-09-21
0201,Slovakia,12.8,0.0,2017-09-21
0201,Slovenia,12.8,0.0,2017-09-21
0201,Spain,12.8,0.0,2017-09-21
0201,Sweden,12.8,0.0,2017-09-21
0201,Iceland,0.0,0.0,2017-09-21
0201,Norway,344.0,344.0,2025-01-01
0201,Switzerland,0.0,0.0,2017-09-21
0201,Ukraine,10.0,10.0,2025-01-01
0201,United Kingdom,12.8,0.0,2021-01-01
0201,Japan,38.5,9.0,2018-12-30
0201,Australia,0.0,0.0,2018-12-30
0201,New Zealand,0.0,0.0,2018-12-30
0201,Singapore,0.0,0.0,2018-12-30
0201,Vietnam,14.0,0.0,2019-01-14
0201,Malaysia,0.0,0.0,2022-11-29
0201,Brunei,0.0,0.0,2018-12-30
0201,Chile,6.0,0.0,2018-12-30
0201,Peru,0.0,0.0,2021-09-19
0201,China,12.0,12.0,2025-01-01
0201,India,30.0,30.0,2025-01-01
0201,Indonesia,5.0,5.0,2025-01-01
0201,South Korea,40.0,21.3,2015-01-01
0201,Taiwan,0.0,0.0,2025-01-01
0201,Hong Kong,0.0,0.0,2025-01-01
0201,Argentina,10.0,10.0,2025-01-01
0201,Brazil,10.0,10.0,2025-01-01
0201,Colombia,20.0,20.0,2025-01-01
0201,Ecuador,25.0,25.0,2025-01-01
0201,Bolivia,10.0,10.0,2025-01-01
0201,Paraguay,10.0,10.0,2025-01-01
0201,Uruguay,10.0,10.0,2025-01-01
0201,Venezuela,20.0,20.0,2025-01-01
7204,United States,0.0,50.0,2025-03-04
7204,Austria,0.0,0.0,2017-09-21
7204,Belgium,0.0,0.0,2017-09-21
7204,Bulgaria,0.0,0.0,2017-09-21
7204,Croatia,0.0,0.0,2017-09-21
7204,Cyprus,0.0,0.0,2017-09-21
7204,Czechia,0.0,0.0,2017-09-21
7204,Denmark,0.0,0.0,2017-09-21
7204,Estonia,0.0,0.0,2017-09-21
7204,Finland,0.0,0.0,2017-09-21
7204,France,0.0,0.0,2017-09-21
7204,Germany,0.0,0.0,2017-09-21
7204,Greece,0.0,0.0,2017-09-21
7204,Hungary,0.0,0.0,2017-09-21
7204,Ireland,0.0,0.0,2017-09-21
7204,Italy,0.0,0.0,2017-09-21
7204,Latvia,0.0,0.0,2017-09-21
7204,Lithuania,0.0,0.0,2017-09-21
7204,Luxembourg,0.0,0.0,2017-09-21
7204,Malta,0.0,0.0,2017-09-21
7204,Netherlands,0.0,0.0,2017-09-21
7204,Poland,0.0,0.0,2017-09-21
7204,Portugal,0.0,0.0,2017-09-21
7204,Romania,0.0,0.0,2017-09-21
7204,Slovakia,0.0,0.0,2017-09-21
7204,Slovenia,0.0,0.0,2017-09-21
7204,Spain,0.0,0.0,2017-09-21
7204,Sweden,0.0,0.0,2017-09-21
7204,Iceland,0.0,0.0,2017-09-21
7204,Norway,0.0,0.0,2017-09-21
7204,Switzerland,0.0,0.0,2017-09-21
7204,Ukraine,0.0,0.0,2025-01-01
7204,United Kingdom,0.0,0.0,2021-01-01
7204,Japan,0.0,0.0,2018-12-30
7204,Australia,0.0,0.0,2018-12-30
7204,New Zealand,0.0,0.0,2018-12-30
7204,Singapore,0.0,0.0,2018-12-30
7204,Vietnam,0.0,0.0,2019-01-14
7204,Malaysia,0.0,0.0,2022-11-29
7204,Brunei,0.0,0.0,2018-12-30
7204,Chile,6.0,0.0,2018-12-30
7204,Peru,0.0,0.0,2021-09-19
7204,China,0.0,0.0,2025-01-01
7204,India,2.5,2.5,2025-01-01
7204,Indonesia,0.0,0.0,2025-01-01
7204,South Korea,0.0,0.0,2015-01-01
7204,Taiwan,0.0,0.0,2025-01-01
7204,Hong Kong,0.0,0.0,2025-01-01
7204,Argentina,6.0,6.0,2025-01-01
7204,Brazil,0.0,0.0,2025-01-01
7204,Colombia,5.0,5.0,2025-01-01
7204,Ecuador,5.0,5.0,2025-01-01
7204,Bolivia,5.0,5.0,2025-01-01
7204,Paraguay,4.0,4.0,2025-01-01
7204,Uruguay,4.0,4.0,2025-01-01
7204,Venezuela,5.0,5.0,2025-01-01
1005,United States,0.0,0.0,2025-03-07
1005,Austria,0.0,0.0,2017-09-21
1005,Belgium,0.0,0.0,2017-09-21
1005,Bulgaria,0.0,0.0,2017-09-21
1005,Croatia,0.0,0.0,2017-09-21
1005,Cyprus,0.0,0.0,2017-09-21
1005,Czechia,0.0,0.0,2017-09-21
1005,Denmark,0.0,0.0,2017-09-21
1005,Estonia,0.0,0.0,2017-09-21
1005,Finland,0.0,0.0,2017-09-21
1005,France,0.0,0.0,2017-09-21
1005,Germany,0.0,0.0,2017-09-21
1005,Greece,0.0,0.0,2017-09-21
1005,Hungary,0.0,0.0,2017-09-21
1005,Ireland,0.0,0.0,2017-09-21
1005,Italy,0.0,0.0,2017-09-21
1005,Latvia,0.0,0.0,2017-09-21
1005,Lithuania,0.0,0.0,2017-09-21
1005,Luxembourg,0.0,0.0,2017-09-21
1005,Malta,0.0,0.0,2017-09-21
1005,Netherlands,0.0,0.0,2017-09-21
1005,Poland,0.0,0.0,2017-09-21
1005,Portugal,0.0,0.0,2017-09-21
1005,Romania,0.0,0.0,2017-09-21
1005,Slovakia,0.0,0.0,2017-09-21
1005,Slovenia,0.0,0.0,2017-09-21
1005,Spain,0.0,0.0,2017-09-21
1005,Sweden,0.0,0.0,2017-09-21
1005,Iceland,0.0,0.0,2017-09-21
1005,Norway,0.0,0.0,2017-09-21
1005,Switzerland,0.0,0.0,2017-09-21
1005,Ukraine,0.0,0.0,2025-01-01
1005,United Kingdom,0.0,0.0,2021-01-01
1005,Japan,0.0,0.0,2018-12-30
1005,Australia,0.0,0.0,2018-12-30
1005,New Zealand,0.0,0.0,2018-12-30
1005,Singapore,0.0,0.0,2018-12-30
1005,Vietnam,5.0,0.0,2019-01-14
1005,Malaysia,0.0,0.0,2022-11-29
1005,Brunei,0.0,0.0,2018-12-30
1005,Chile,6.0,0.0,2018-12-30
1005,Peru,0.0,0.0,2021-09-19
1005,China,1.0,65.0,2025-03-04
1005,India,30.0,30.0,2025-01-01
1005,Indonesia,5.0,5.0,2025-01-01
1005,South Korea,3.0,0.0,2015-01-01
1005,Taiwan,0.0,0.0,2025-01-01
1005,Hong Kong,0.0,0.0,2025-01-01
1005,Argentina,8.0,8.0,2025-01-01
1005,Brazil,8.0,8.0,2025-01-01
1005,Colombia,15.0,15.0,2025-01-01
1005,Ecuador,15.0,15.0,2025-01-01
1005,Bolivia,10.0,10.0,2025-01-01
1005,Paraguay,8.0,8.0,2025-01-01
1005,Uruguay,8.0,8.0,2025-01-01
1005,Venezuela,20.0,20.0,2025-01-01
0203,United States,0.0,0.0,2025-03-07
0203,Austria,12.8,0.0,2017-09-21
0203,Belgium,12.8,0.0,2017-09-21
0203,Bulgaria,12.8,0.0,2017-09-21
0203,Croatia,12.8,0.0,2017-09-21
0203,Cyprus,12.8,0.0,2017-09-21
0203,Czechia,12.8,0.0,2017-09-21
0203,Denmark,12.8,0.0,2017-09-21
0203,Estonia,12.8,0.0,2017-09-21
0203,Finland,12.8,0.0,2017-09-21
0203,France,12.8,0.0,2017-09-21
0203,Germany,12.8,0.0,2017-09-21
0203,Greece,12.8,0.0,2017-09-21
0203,Hungary,12.8,0.0,2017-09-21
0203,Ireland,12.8,0.0,2017-09-21
0203,Italy,12.8,0.0,2017-09-21
0203,Latvia,12.8,0.0,2017-09-21
0203,Lithuania,12.8,0.0,2017-09-21
0203,Luxembourg,12.8,0.0,2017-09-21
0203,Malta,12.8,0.0,2017-09-21
0203,Netherlands,12.8,0.0,2017-09-21
0203,Poland,12.8,0.0,2017-09-21
0203,Portugal,12.8,0.0,2017-09-21
0203,Romania,12.8,0.0,2017-09-21
0203,Slovakia,12.8,0.0,2017-09-21
0203,Slovenia,12.8,0.0,2017-09-21
0203,Spain,12.8,0.0,2017-09-21
0203,Sweden,12.8,0.0,2017-09-21
0203,Iceland,0.0,0.0,2017-09-21
0203,Norway,344.0,344.0,2025-01-01
0203,Switzerland,0.0,0.0,2017-09-21
0203,Ukraine,10.0,10.0,2025-01-01
0203,United Kingdom,12.8,0.0,2021-01-01
0203,Japan,4.3,0.0,2018-12-30
0203,Australia,0.0,0.0,2018-12-30
0203,New Zealand,0.0,0.0,2018-12-30
0203,Singapore,0.0,0.0,2018-12-30
0203,Vietnam,15.0,0.0,2019-01-14
0203,Malaysia,0.0,0.0,2022-11-29
0203,Brunei,0.0,0.0,2018-12-30
0203,Chile,6.0,0.0,2018-12-30
0203,Peru,0.0,0.0,2021-09-19
0203,China,12.0,37.0,2025-03-04
0203,India,30.0,30.0,2025-01-01
0203,Indonesia,5.0,5.0,2025-01-01
0203,South Korea,25.0,0.0,2015-01-01
0203,Taiwan,12.5,12.5,2025-01-01
0203,Hong Kong,0.0,0.0,2025-01-01
0203,Argentina,10.0,10.0,2025-01-01
0203,Brazil,10.0,10.0,2025-01-01
0203,Colombia,20.0,20.0,2025-01-01
0203,Ecuador,25.0,25.0,2025-01-01
0203,Bolivia,10.0,10.0,2025-01-01
0203,Paraguay,10.0,10.0,2025-01-01
0203,Uruguay,10.0,10.0,2025-01-01
0203,Venezuela,20.0,20.0,2025-01-01
